{"cameraMode":{"drawMode":0,"name":"Shaded","section":"Shading Mode"},"sceneLighting":true,"audioPlay":false,"sceneViewState":{"m_AlwaysRefresh":false,"showFog":true,"showSkybox":true,"showFlares":true,"showImageEffects":true,"showParticleSystems":true,"showVisualEffectGraphs":true,"m_FxEnabled":true},"in2DMode":false,"pivot":{"x":-0.5930860042572022,"y":-3.6418209075927736,"z":-2.803901195526123},"rotation":{"x":-0.024474387988448144,"y":0.9465056657791138,"z":-0.07397759705781937,"w":-0.31313663721084597},"size":14.307835578918457,"orthographic":true}