{"cameraMode":{"drawMode":0,"name":"Shaded","section":"Shading Mode"},"sceneLighting":true,"audioPlay":false,"sceneViewState":{"m_AlwaysRefresh":false,"showFog":true,"showSkybox":true,"showFlares":true,"showImageEffects":true,"showParticleSystems":true,"showVisualEffectGraphs":true,"m_FxEnabled":true},"in2DMode":false,"pivot":{"x":12.529921531677246,"y":-2.6933252811431886,"z":-1.7630000114440919},"rotation":{"x":-0.015211375430226326,"y":0.9785664081573486,"z":-0.19022317230701447,"w":-0.07794563472270966},"size":10.090023040771485,"orthographic":true}