{"cameraMode":{"drawMode":0,"name":"Shaded","section":"Shading Mode"},"sceneLighting":true,"audioPlay":false,"sceneViewState":{"m_AlwaysRefresh":false,"showFog":true,"showSkybox":true,"showFlares":true,"showImageEffects":true,"showParticleSystems":true,"showVisualEffectGraphs":true,"m_FxEnabled":true},"in2DMode":false,"pivot":{"x":7.387676239013672,"y":-0.7307422757148743,"z":-0.6468130350112915},"rotation":{"x":0.003527088090777397,"y":-0.9350404143333435,"z":0.010864733718335629,"w":0.35447749495506289},"size":7.855713367462158,"orthographic":true}