{"cameraMode":{"drawMode":0,"name":"Shaded","section":"Shading Mode"},"sceneLighting":true,"audioPlay":false,"sceneViewState":{"m_AlwaysRefresh":false,"showFog":true,"showSkybox":true,"showFlares":true,"showImageEffects":true,"showParticleSystems":true,"showVisualEffectGraphs":true,"m_FxEnabled":true},"in2DMode":false,"pivot":{"x":-58.86075210571289,"y":-2.169522285461426,"z":-5.250566482543945},"rotation":{"x":-0.0014668338699266315,"y":-0.9708696603775024,"z":0.24006767570972444,"w":-0.0018469580681994558},"size":9.307518005371094,"orthographic":true}