{"cameraMode":{"drawMode":0,"name":"Shaded","section":"Shading Mode"},"sceneLighting":true,"audioPlay":false,"sceneViewState":{"m_AlwaysRefresh":false,"showFog":true,"showSkybox":true,"showFlares":true,"showImageEffects":true,"showParticleSystems":true,"showVisualEffectGraphs":true,"m_FxEnabled":true},"in2DMode":false,"pivot":{"x":4.8344573974609379,"y":37.75749588012695,"z":-52.63897705078125},"rotation":{"x":0.00213041203096509,"y":0.055514004081487659,"z":-0.0006976920994929969,"w":-0.9985762238502502},"size":59.68242645263672,"orthographic":true}