{"cameraMode":{"drawMode":0,"name":"Shaded","section":"Shading Mode"},"sceneLighting":true,"audioPlay":false,"sceneViewState":{"m_AlwaysRefresh":false,"showFog":true,"showSkybox":true,"showFlares":true,"showImageEffects":true,"showParticleSystems":true,"showVisualEffectGraphs":true,"m_FxEnabled":true},"in2DMode":false,"pivot":{"x":-1.191361427307129,"y":1.3318780660629273,"z":-3.7895572185516359},"rotation":{"x":-0.000525044510141015,"y":-0.9902988076210022,"z":0.13904955983161927,"w":-0.003564300714060664},"size":5.618973255157471,"orthographic":true}