{"cameraMode":{"drawMode":0,"name":"Shaded","section":"Shading Mode"},"sceneLighting":true,"audioPlay":false,"sceneViewState":{"m_AlwaysRefresh":false,"showFog":true,"showSkybox":true,"showFlares":true,"showImageEffects":true,"showParticleSystems":true,"showVisualEffectGraphs":true,"m_FxEnabled":true},"in2DMode":false,"pivot":{"x":-13.509502410888672,"y":2.4749555587768556,"z":0.3380228579044342},"rotation":{"x":0.026731260120868684,"y":0.973258912563324,"z":-0.1635618656873703,"w":0.15906177461147309},"size":13.501463890075684,"orthographic":true}