{"cameraMode":{"drawMode":0,"name":"Shaded","section":"Shading Mode"},"sceneLighting":true,"audioPlay":false,"sceneViewState":{"m_AlwaysRefresh":false,"showFog":true,"showSkybox":true,"showFlares":true,"showImageEffects":true,"showParticleSystems":true,"showVisualEffectGraphs":true,"m_FxEnabled":true},"in2DMode":false,"pivot":{"x":-15.09261703491211,"y":-0.5754653215408325,"z":3.1791605949401857},"rotation":{"x":-0.0032181350979954006,"y":0.9894095659255981,"z":-0.14346976578235627,"w":-0.022266102954745294},"size":2.1643590927124025,"orthographic":true}