{"cameraMode":{"drawMode":0,"name":"Shaded","section":"Shading Mode"},"sceneLighting":true,"audioPlay":false,"sceneViewState":{"m_AlwaysRefresh":false,"showFog":true,"showSkybox":true,"showFlares":true,"showImageEffects":true,"showParticleSystems":true,"showVisualEffectGraphs":true,"m_FxEnabled":true},"in2DMode":false,"pivot":{"x":-0.865612268447876,"y":3.0072789192199709,"z":0.029425712302327157},"rotation":{"x":0.016145221889019014,"y":-0.6962432861328125,"z":0.015668246895074846,"w":0.7174503207206726},"size":5.660151958465576,"orthographic":true}