{"cameraMode":{"drawMode":0,"name":"Shaded","section":"Shading Mode"},"sceneLighting":true,"audioPlay":false,"sceneViewState":{"m_AlwaysRefresh":false,"showFog":true,"showSkybox":true,"showFlares":true,"showImageEffects":true,"showParticleSystems":true,"showVisualEffectGraphs":true,"m_FxEnabled":true},"in2DMode":false,"pivot":{"x":7.387676239013672,"y":-0.7307422757148743,"z":-0.6468130350112915},"rotation":{"x":0.016141628846526147,"y":-0.935628354549408,"z":0.04456222429871559,"w":0.3499099314212799},"size":4.101757049560547,"orthographic":true}