{"cameraMode":{"drawMode":0,"name":"Shaded","section":"Shading Mode"},"sceneLighting":true,"audioPlay":false,"sceneViewState":{"m_AlwaysRefresh":false,"showFog":true,"showSkybox":true,"showFlares":true,"showImageEffects":true,"showParticleSystems":true,"showVisualEffectGraphs":true,"m_FxEnabled":true},"in2DMode":false,"pivot":{"x":-0.865612268447876,"y":3.0072789192199709,"z":0.029425712302327157},"rotation":{"x":-0.10992787778377533,"y":0.6980977058410645,"z":-0.10979500412940979,"w":-0.6989380121231079},"size":5.7294135093688969,"orthographic":true}