{"cameraMode":{"drawMode":0,"name":"Shaded","section":"Shading Mode"},"sceneLighting":true,"audioPlay":false,"sceneViewState":{"m_AlwaysRefresh":false,"showFog":true,"showSkybox":true,"showFlares":true,"showImageEffects":true,"showParticleSystems":true,"showVisualEffectGraphs":true,"m_FxEnabled":true},"in2DMode":false,"pivot":{"x":-0.9784334301948547,"y":-2.394411087036133,"z":-1.2802985906600953},"rotation":{"x":0.07458938658237457,"y":-0.7366077303886414,"z":0.08312087506055832,"w":0.6670858263969421},"size":17.784147262573243,"orthographic":true}