{"cameraMode":{"drawMode":0,"name":"Shaded","section":"Shading Mode"},"sceneLighting":true,"audioPlay":false,"sceneViewState":{"m_AlwaysRefresh":false,"showFog":true,"showSkybox":true,"showFlares":true,"showImageEffects":true,"showParticleSystems":true,"showVisualEffectGraphs":true,"m_FxEnabled":true},"in2DMode":false,"pivot":{"x":-0.9732152223587036,"y":-2.8198282718658449,"z":-1.3742833137512208},"rotation":{"x":-0.0036618229933083059,"y":-0.9937161803245544,"z":0.029180921614170076,"w":-0.1083734780550003},"size":5.917328834533691,"orthographic":true}