{"cameraMode":{"drawMode":0,"name":"Shaded","section":"Shading Mode"},"sceneLighting":true,"audioPlay":false,"sceneViewState":{"m_AlwaysRefresh":false,"showFog":true,"showSkybox":true,"showFlares":true,"showImageEffects":true,"showParticleSystems":true,"showVisualEffectGraphs":true,"m_FxEnabled":true},"in2DMode":false,"pivot":{"x":12.529921531677246,"y":-2.6933252811431886,"z":-1.7630000114440919},"rotation":{"x":-0.02490014024078846,"y":0.903448224067688,"z":-0.05290156230330467,"w":-0.4247690439224243},"size":55.658058166503909,"orthographic":true}