{"cameraMode":{"drawMode":0,"name":"Shaded","section":"Shading Mode"},"sceneLighting":true,"audioPlay":false,"sceneViewState":{"m_AlwaysRefresh":false,"showFog":true,"showSkybox":true,"showFlares":true,"showImageEffects":true,"showParticleSystems":true,"showVisualEffectGraphs":true,"m_FxEnabled":true},"in2DMode":false,"pivot":{"x":-5.8665595054626469,"y":-2.520803928375244,"z":-2.1011688709259035},"rotation":{"x":-0.005263236816972494,"y":-0.9696614146232605,"z":0.24346834421157838,"w":-0.02094920724630356},"size":6.628501892089844,"orthographic":true}