{"cameraMode":{"drawMode":0,"name":"Shaded","section":"Shading Mode"},"sceneLighting":true,"audioPlay":false,"sceneViewState":{"m_AlwaysRefresh":false,"showFog":true,"showSkybox":true,"showFlares":true,"showImageEffects":true,"showParticleSystems":true,"showVisualEffectGraphs":true,"m_FxEnabled":true},"in2DMode":false,"pivot":{"x":-14.340871810913086,"y":17.886096954345704,"z":57.433937072753909},"rotation":{"x":0.003932829946279526,"y":-0.9618192911148071,"z":0.27397462725639346,"w":0.01420499850064516},"size":4.8944573402404789,"orthographic":true}