{"cameraMode":{"drawMode":0,"name":"Shaded","section":"Shading Mode"},"sceneLighting":true,"audioPlay":false,"sceneViewState":{"m_AlwaysRefresh":false,"showFog":true,"showSkybox":true,"showFlares":true,"showImageEffects":true,"showParticleSystems":true,"showVisualEffectGraphs":true,"m_FxEnabled":true},"in2DMode":false,"pivot":{"x":7.387676239013672,"y":-0.7307422757148743,"z":-0.6468130350112915},"rotation":{"x":-0.0008810515282675624,"y":-0.9979867935180664,"z":0.06386470794677735,"w":-0.005096858367323875},"size":6.240257263183594,"orthographic":true}