{"cameraMode":{"drawMode":0,"name":"Shaded","section":"Shading Mode"},"sceneLighting":true,"audioPlay":false,"sceneViewState":{"m_AlwaysRefresh":false,"showFog":true,"showSkybox":true,"showFlares":true,"showImageEffects":true,"showParticleSystems":true,"showVisualEffectGraphs":true,"m_FxEnabled":true},"in2DMode":false,"pivot":{"x":-34.250064849853519,"y":-97.35770416259766,"z":314.8977966308594},"rotation":{"x":0.00012363608402665704,"y":0.9816500544548035,"z":-0.19082726538181306,"w":0.0005563299055211246},"size":25.555362701416017,"orthographic":true}